{
  "name": "jdbc-source-connector",
  "config": {
    "connector.class": "io.confluent.connect.jdbc.JdbcSourceConnector",
    "tasks.max": "1",
    "connection.url": "jdbc:postgresql://localhost:5432/TPCHData",
    "connection.user": "postgres",
    "connection.password": "12345",
    "mode": "incrementing",
    "incrementing.column.name": "id",
    "table.whitelist": "customers",
    "topic.prefix": "TPCH",
    "key.converter": "org.apache.kafka.connect.json.JsonConverter",
    "value.converter": "org.apache.kafka.connect.json.JsonConverter",
    "key.converter.schemas.enable": "false",
    "value.converter.schemas.enable": "false"
  }
  
 }
